Qty,Manufacturer,MPN,Value/Description,Footprint,References,Notes
28,Murata,GRM21BR71H104KA01L,100n,RacecarC:C_0805_2012Metric,C3 C5 C7 C8 C9 C12 C15 C16 C17 C19 C20 C21 C22 C23 C24 C25 C26 C27 C28 C29 C30 C31 C32 C33 C35 C37 C38 C39,
10,Yageo,RT0805BRD0720KL,20k 0.1%,RacecarC:R_0805_2012Metric,R16 R17 R19 R20 R22 R23 R25 R26 R28 R29,
8,Yageo,RC0805FR-0710KL,10k 1%,RacecarC:R_0805_2012Metric,R3 R4 R9 R12 R37 R38 R39 R44,
7,Yageo,RC0805FR-071KL,1k 1%,RacecarC:R_0805_2012Metric,R1 R2 R18 R21 R24 R27 R30,
7,Nexperia,"PMEG2010ER,115",PMEG2010ER,RacecarC:Nexperia_CFP3_SOD-123W,D7 D9 D11 D13 D15 D17 D18,
5,Texas Instruments,LM4040AIM3-3.0/NOPB,LM4040 3.0,RacecarC:SOT-23,D8 D10 D12 D14 D16,
5,Yageo,RC0805FR-0747KL,47k 1%,RacecarC:R_0805_2012Metric,R35 R36 R45 R46 R47,
4,Murata,GRM21BR61E106KA73L,10u,RacecarC:C_0805_2012Metric,C4 C6 C13 C34,
4,Nexperia,"PESD5V0S1BA,115",UART ESD,RacecarC:D_SOD-323,D3 D4 D19 D20,
3,Littelfuse,1206L010/60WR,100mA PTC,RacecarC:Fuse_1206_3216Metric,F3 F4 F5,
3,Yageo,RC0805FR-0733RL,33 1%,RacecarC:R_0805_2012Metric,R41 R42 R43,
2,TRACO Power,TSR 1-2433,TSR 1-2433,RacecarC:Converter_DCDC_TRACO_TSR-1_THT,U3 U6,
2,Texas Instruments,SN74LVC1G125DBVR,SN74LVC1G125,RacecarC:SOT-23-5,U10 U20,
2,Yageo,RC0805FR-074K7L,4.7k 1%,RacecarC:R_0805_2012Metric,R11 R15,
2,Yageo,RC0805FR-07100KL,100k 1%,RacecarC:R_0805_2012Metric,R13 R40,
2,Nexperia,"MMBT3904,215",MMBT3904,RacecarC:SOT-23,Q1 Q2,
2,Texas Instruments,TMUX1511PWR,TMUX1511,RacecarC:TSSOP-14_4.4x5mm_P0.65mm,U15 U16,
2,Texas Instruments,SN74LVC1T45DBVR,SN74LVC1T45,RacecarC:SOT-23-6,U4 U5,
2,Yageo,RC0805FR-07100RL,100 1%,RacecarC:R_0805_2012Metric,R33 R34,
1,Pololu,4091 / D36V50F5,Pololu D36V50F5,RacecarC:Pololu_D36V50F5,U2,
1,Phoenix Contact,1729018,POWER IN,"RacecarC:TerminalBlock_Phoenix_MKDS-1,5-2-5.08_1x02_P5.08mm_Horizontal",J1,
1,Littelfuse,0451005.MRL,5A fuse,RacecarC:Fuse_Littelfuse-NANO2-451_453,F1,
1,Littelfuse,0451003.MRL,3A fuse,RacecarC:Fuse_Littelfuse-NANO2-451_453,F2,
1,Littelfuse,SMBJ20CA,SMBJ20CA,RacecarC:D_SMB,D1,
1,Panasonic,EEU-FR1H101,100uF 50V,RacecarC:CP_Radial_D8.0mm_P3.50mm,C1,
1,Panasonic,EEU-FR1A471B,470uF 10V,RacecarC:CP_Radial_D8.0mm_P3.50mm,C2,
1,onsemi,SS14,SS14,RacecarC:D_SMA,D2,
1,Samtec,TSW-102-07-G-S,MCU POWER,RacecarC:PinHeader_1x02_P2.54mm_Vertical,JP1,
1,PJRC,TEENSY41,Teensy 4.1 SOCKETED,RacecarC:Teensy41_Socket,U1,
1,Keystone,1058,CR2032 HOLDER,RacecarC:BatteryHolder_Keystone_1058_1x2032,BT1,
1,JST,B2B-XH-A(LF)(SN),TO TEENSY VBAT/GND,RacecarC:JST_XH_B2B-XH-A_1x02_P2.50mm_Vertical,J9,
1,JST,B4B-XH-A(LF)(SN),CAN MODULE LOGIC,RacecarC:JST_XH_B4B-XH-A_1x04_P2.50mm_Vertical,J7,
1,JST,B4B-XH-A(LF)(SN),PI 5 VIDEO 3V3 UART,RacecarC:JST_XH_B4B-XH-A_1x04_P2.50mm_Vertical,J13,
1,TDK InvenSense,ICM-42670-P,ICM-42670-P,RacecarC:InvenSense_LGA-14_2.5x3.0mm_P0.50mm,U7,
1,Samsung,CL21B103KBANNNC,10n,RacecarC:C_0805_2012Metric,C10,
1,Yageo,CC0805KKX7R9BB225,2.2u,RacecarC:C_0805_2012Metric,C11,
1,u-blox,NEO-M9N-00B,NEO-M9N-00B,RacecarC:ublox_NEO,U8,
1,Amphenol RF,901-143,GPS SMA FEMALE,RacecarC:SMA_Amphenol_901-143_Horizontal,J8,
1,Murata,GRM1555C1H101JA01D,100pF C0G,RacecarC:C_0402_1005Metric,C14,
1,Murata,LQG15HS27NJ02D,27nH RF choke,RacecarC:L_0402_1005Metric,L1,
1,Nexperia,"PESD5V0F1BL,315",RF ESD,RacecarC:D_SOD-882,D5,
1,Texas Instruments,TPS2553DBVR,TPS2553,RacecarC:SOT-23-6,U9,
1,Yageo,RC0805FR-0710RL,10R 1%,RacecarC:R_0805_2012Metric,R5,
1,Phoenix Contact,1729018,TACH INPUT,"RacecarC:TerminalBlock_Phoenix_MKDS-1,5-2-5.08_1x02_P5.08mm_Horizontal",J3,
1,Yageo,RC0805FR-07180KL,180k 1%,RacecarC:R_0805_2012Metric,R6,
1,Yageo,RC0805FR-0722KL,22k 1%,RacecarC:R_0805_2012Metric,R7,
1,Yageo,CC0805KRX7R9BB102,1n,RacecarC:C_0805_2012Metric,C18,
1,Texas Instruments,LM4040AIM3-2.5/NOPB,LM4040 2.5,RacecarC:SOT-23,D6,
1,Texas Instruments,LM2903BIDR,LM2903B,RacecarC:SOIC-8_3.9x4.9mm_P1.27mm,U11,
1,Yageo,RC0805FR-07240KL,240k 1%,RacecarC:R_0805_2012Metric,R8,
1,Yageo,RC0805FR-072M2L,2.2M 1%,RacecarC:R_0805_2012Metric,R10,
1,Yageo,RC0805FR-07680RL,680 1%,RacecarC:R_0805_2012Metric,R14,
1,Vishay,VO617A-3X017T,VO617A-3,RacecarC:SMDIP-4_W9.53mm,U12,
1,Texas Instruments,SN74LVC2G17DBVR,SN74LVC2G17,RacecarC:SOT-23-6,U13,
1,Phoenix Contact,1729021,OIL 0.5-4.5V,"RacecarC:TerminalBlock_Phoenix_MKDS-1,5-3-5.08_1x03_P5.08mm_Horizontal",J4,
1,Phoenix Contact,1729021,THROTTLE 0.5-4.5V,"RacecarC:TerminalBlock_Phoenix_MKDS-1,5-3-5.08_1x03_P5.08mm_Horizontal",J11,
1,Phoenix Contact,1729021,BRAKE 0.5-4.5V,"RacecarC:TerminalBlock_Phoenix_MKDS-1,5-3-5.08_1x03_P5.08mm_Horizontal",J12,
1,Phoenix Contact,1729018,COOLANT NTC,"RacecarC:TerminalBlock_Phoenix_MKDS-1,5-2-5.08_1x02_P5.08mm_Horizontal",J5,
1,Phoenix Contact,1729018,AEM 30-0300 ONLY,"RacecarC:TerminalBlock_Phoenix_MKDS-1,5-2-5.08_1x02_P5.08mm_Horizontal",J6,
1,Yageo,RC0805FR-07150RL,150 1%,RacecarC:R_0805_2012Metric,R31,
1,Texas Instruments,LM4040AIM3-4.1/NOPB,LM4040 4.1,RacecarC:SOT-23,U14,
1,Yageo,RT0805BRD072K49L,2.49k 0.1%,RacecarC:R_0805_2012Metric,R32,
1,Phoenix Contact,1729034,SCREEN J10 ONLY,"RacecarC:TerminalBlock_Phoenix_MKDS-1,5-4-5.08_1x04_P5.08mm_Horizontal",J2,
1,Espressif,ESP32-S3-WROOM-1-N8R2,ESP32-S3-WROOM-1-N8R2,RacecarC:ESP32-S3-WROOM-1,U17,
1,Murata,GRM21BR71H105KA12L,1u,RacecarC:C_0805_2012Metric,C36,
1,Texas Instruments,SN74LVC125APWR,SN74LVC125A,RacecarC:TSSOP-14_4.4x5mm_P0.65mm,U18,
1,Texas Instruments,SN74LVC2G125DCUR,SN74LVC2G125,RacecarC:VSSOP-8_2.3x2mm_P0.5mm,U19,
1,Samtec,TSW-103-07-G-D,NET 3V3 UART SERVICE,RacecarC:PinHeader_2x03_P2.54mm_Vertical,J10,
