No.,Quantity,Comment,Designator,Footprint,Manufacturer Part Number,Manufacturer,Supplier Part Number
2,2,TSR 1-2433,U3 U6,Converter_DCDC_TRACO_TSR-1_THT,TSR 1-2433,TRACO Power,
3,28,100n,C3 C5 C7 C8 C9 C12 C15 C16 C17 C19 C20 C21 C22 C23 C24 C25 C26 C27 C28 C29 C30 C31 C32 C33 C35 C37 C38 C39,C_0805_2012Metric,GRM21BR71H104KA01L,Murata,
4,4,10u,C4 C6 C13 C34,C_0805_2012Metric,GRM21BR61E106KA73L,Murata,
5,1,POWER IN,J1,"TerminalBlock_Phoenix_MKDS-1,5-2-5.08_1x02_P5.08mm_Horizontal",1729018,Phoenix Contact,
6,1,5A fuse,F1,Fuse_Littelfuse-NANO2-451_453,0451005.MRL,Littelfuse,
7,1,3A fuse,F2,Fuse_Littelfuse-NANO2-451_453,0451003.MRL,Littelfuse,
8,1,SMBJ20CA,D1,D_SMB,SMBJ20CA,Littelfuse,
9,1,100uF 50V,C1,CP_Radial_D8.0mm_P3.50mm,EEU-FR1H101,Panasonic,
10,1,470uF 10V,C2,CP_Radial_D8.0mm_P3.50mm,EEU-FR1A471B,Panasonic,
11,1,SS14,D2,D_SMA,SS14,onsemi,
12,1,MCU POWER,JP1,PinHeader_1x02_P2.54mm_Vertical,TSW-102-07-G-S,Samtec,
14,1,CR2032 HOLDER,BT1,BatteryHolder_Keystone_1058_1x2032,1058,Keystone,
15,1,TO TEENSY VBAT/GND,J9,JST_XH_B2B-XH-A_1x02_P2.50mm_Vertical,B2B-XH-A(LF)(SN),JST,
16,1,CAN MODULE LOGIC,J7,JST_XH_B4B-XH-A_1x04_P2.50mm_Vertical,B4B-XH-A(LF)(SN),JST,
17,1,PI 5 VIDEO 3V3 UART,J13,JST_XH_B4B-XH-A_1x04_P2.50mm_Vertical,B4B-XH-A(LF)(SN),JST,
18,7,1k 1%,R1 R2 R18 R21 R24 R27 R30,R_0805_2012Metric,RC0805FR-071KL,Yageo,
19,4,UART ESD,D3 D4 D19 D20,D_SOD-323,"PESD5V0S1BA,115",Nexperia,
20,1,ICM-42670-P,U7,InvenSense_LGA-14_2.5x3.0mm_P0.50mm,ICM-42670-P,TDK InvenSense,
21,1,10n,C10,C_0805_2012Metric,CL21B103KBANNNC,Samsung,
22,1,2.2u,C11,C_0805_2012Metric,CC0805KKX7R9BB225,Yageo,
23,8,10k 1%,R3 R4 R9 R12 R37 R38 R39 R44,R_0805_2012Metric,RC0805FR-0710KL,Yageo,
24,1,NEO-M9N-00B,U8,ublox_NEO,NEO-M9N-00B,u-blox,
25,1,GPS SMA FEMALE,J8,SMA_Amphenol_901-143_Horizontal,901-143,Amphenol RF,
26,1,100pF C0G,C14,C_0402_1005Metric,GRM1555C1H101JA01D,Murata,
27,1,27nH RF choke,L1,L_0402_1005Metric,LQG15HS27NJ02D,Murata,
28,1,RF ESD,D5,D_SOD-882,"PESD5V0F1BL,315",Nexperia,
29,1,TPS2553,U9,SOT-23-6,TPS2553DBVR,Texas Instruments,
30,1,10R 1%,R5,R_0805_2012Metric,RC0805FR-0710RL,Yageo,
31,2,SN74LVC1G125,U10 U20,SOT-23-5,SN74LVC1G125DBVR,Texas Instruments,
32,1,TACH INPUT,J3,"TerminalBlock_Phoenix_MKDS-1,5-2-5.08_1x02_P5.08mm_Horizontal",1729018,Phoenix Contact,
33,1,180k 1%,R6,R_0805_2012Metric,RC0805FR-07180KL,Yageo,
34,1,22k 1%,R7,R_0805_2012Metric,RC0805FR-0722KL,Yageo,
35,1,1n,C18,C_0805_2012Metric,CC0805KRX7R9BB102,Yageo,
36,1,LM4040 2.5,D6,SOT-23,LM4040AIM3-2.5/NOPB,Texas Instruments,
37,7,PMEG2010ER,D7 D9 D11 D13 D15 D17 D18,Nexperia_CFP3_SOD-123W,"PMEG2010ER,115",Nexperia,
38,1,LM2903B,U11,SOIC-8_3.9x4.9mm_P1.27mm,LM2903BIDR,Texas Instruments,
39,1,240k 1%,R8,R_0805_2012Metric,RC0805FR-07240KL,Yageo,
40,1,2.2M 1%,R10,R_0805_2012Metric,RC0805FR-072M2L,Yageo,
41,2,4.7k 1%,R11 R15,R_0805_2012Metric,RC0805FR-074K7L,Yageo,
42,2,100k 1%,R13 R40,R_0805_2012Metric,RC0805FR-07100KL,Yageo,
43,2,MMBT3904,Q1 Q2,SOT-23,"MMBT3904,215",Nexperia,
44,1,680 1%,R14,R_0805_2012Metric,RC0805FR-07680RL,Yageo,
45,1,VO617A-3,U12,SMDIP-4_W9.53mm,VO617A-3X017T,Vishay,
46,1,SN74LVC2G17,U13,SOT-23-6,SN74LVC2G17DBVR,Texas Instruments,
47,1,OIL 0.5-4.5V,J4,"TerminalBlock_Phoenix_MKDS-1,5-3-5.08_1x03_P5.08mm_Horizontal",1729021,Phoenix Contact,
48,3,100mA PTC,F3 F4 F5,Fuse_1206_3216Metric,1206L010/60WR,Littelfuse,
49,1,THROTTLE 0.5-4.5V,J11,"TerminalBlock_Phoenix_MKDS-1,5-3-5.08_1x03_P5.08mm_Horizontal",1729021,Phoenix Contact,
50,1,BRAKE 0.5-4.5V,J12,"TerminalBlock_Phoenix_MKDS-1,5-3-5.08_1x03_P5.08mm_Horizontal",1729021,Phoenix Contact,
51,1,COOLANT NTC,J5,"TerminalBlock_Phoenix_MKDS-1,5-2-5.08_1x02_P5.08mm_Horizontal",1729018,Phoenix Contact,
52,1,AEM 30-0300 ONLY,J6,"TerminalBlock_Phoenix_MKDS-1,5-2-5.08_1x02_P5.08mm_Horizontal",1729018,Phoenix Contact,
53,10,20k 0.1%,R16 R17 R19 R20 R22 R23 R25 R26 R28 R29,R_0805_2012Metric,RT0805BRD0720KL,Yageo,
54,5,LM4040 3.0,D8 D10 D12 D14 D16,SOT-23,LM4040AIM3-3.0/NOPB,Texas Instruments,
55,1,150 1%,R31,R_0805_2012Metric,RC0805FR-07150RL,Yageo,
56,1,LM4040 4.1,U14,SOT-23,LM4040AIM3-4.1/NOPB,Texas Instruments,
57,1,2.49k 0.1%,R32,R_0805_2012Metric,RT0805BRD072K49L,Yageo,
58,2,TMUX1511,U15 U16,TSSOP-14_4.4x5mm_P0.65mm,TMUX1511PWR,Texas Instruments,
59,1,SCREEN J10 ONLY,J2,"TerminalBlock_Phoenix_MKDS-1,5-4-5.08_1x04_P5.08mm_Horizontal",1729034,Phoenix Contact,
60,2,SN74LVC1T45,U4 U5,SOT-23-6,SN74LVC1T45DBVR,Texas Instruments,
61,2,100 1%,R33 R34,R_0805_2012Metric,RC0805FR-07100RL,Yageo,
62,5,47k 1%,R35 R36 R45 R46 R47,R_0805_2012Metric,RC0805FR-0747KL,Yageo,
63,1,ESP32-S3-WROOM-1-N8R2,U17,ESP32-S3-WROOM-1,ESP32-S3-WROOM-1-N8R2,Espressif,
64,1,1u,C36,C_0805_2012Metric,GRM21BR71H105KA12L,Murata,
65,1,SN74LVC125A,U18,TSSOP-14_4.4x5mm_P0.65mm,SN74LVC125APWR,Texas Instruments,
66,3,33 1%,R41 R42 R43,R_0805_2012Metric,RC0805FR-0733RL,Yageo,
67,1,SN74LVC2G125,U19,VSSOP-8_2.3x2mm_P0.5mm,SN74LVC2G125DCUR,Texas Instruments,
68,1,NET 3V3 UART SERVICE,J10,PinHeader_2x03_P2.54mm_Vertical,TSW-103-07-G-D,Samtec,
