Designator,Mid X,Mid Y,Layer,Rotation
D4,132.025,57.025,Top,0.00
L1,108.025,145.025,Top,0.00
TP3,92.025,92.025,Top,0.00
D18,69.025,106.025,Top,0.00
U2,48.025,76.025,Top,0.00
R4,87.025,132.025,Top,90.00
C12,95.025,124.025,Top,90.00
D10,33.025,78.025,Top,0.00
D5,105.025,145.225,Top,0.00
R39,87.025,46.025,Top,0.00
C32,30.025,49.025,Top,0.00
TP5,62.025,128.025,Top,0.00
U4,26.025,55.025,Top,0.00
TP4,123.025,59.025,Top,0.00
J13,138.025,47.025,Top,0.00
F5,126.025,119.025,Top,0.00
J9,72.025,38.025,Top,0.00
U13,65.025,118.025,Top,0.00
D14,142.025,131.025,Top,0.00
R1,138.025,67.025,Top,0.00
R33,22.025,29.025,Top,0.00
C34,61.025,36.025,Top,90.00
R3,81.025,136.025,Top,0.00
C27,69.025,94.025,Top,0.00
C38,91.025,80.025,Top,0.00
C37,121.025,75.025,Top,0.00
D9,23.025,104.025,Top,0.00
D16,142.025,109.025,Top,0.00
C33,39.025,52.025,Top,0.00
C17,87.025,143.025,Top,0.00
C24,36.025,88.025,Top,90.00
R37,69.025,43.025,Top,0.00
C4,95.025,96.025,Top,0.00
C28,116.025,89.025,Top,0.00
R11,21.025,129.025,Top,0.00
U11,31.025,133.025,Top,0.00
D12,33.025,93.025,Top,0.00
C5,96.025,71.025,Top,0.00
C16,123.025,145.025,Top,90.00
R32,77.025,89.025,Top,0.00
R26,138.025,135.025,Top,90.00
U7,76.025,130.025,Top,0.00
F1,20.525,59.025,Top,0.00
U6,100.025,64.025,Top,0.00
C29,143.025,85.025,Top,0.00
C8,107.025,105.025,Top,0.00
R8,34.025,141.025,Top,90.00
R7,23.025,147.025,Top,90.00
R6,19.025,147.025,Top,0.00
D20,20.025,32.025,Top,0.00
R47,97.025,76.025,Top,0.00
J12,10.025,63.025,Top,270.00
C9,74.025,135.025,Top,0.00
H3,4.025,4.025,Top,0.00
C25,145.025,126.025,Top,90.00
H4,146.025,4.025,Top,0.00
D2,72.025,146.025,Top,0.00
R29,138.025,113.025,Top,90.00
R21,34.025,71.025,Top,0.00
R14,35.025,123.025,Top,0.00
D13,25.025,92.025,Top,0.00
R34,24.025,35.025,Top,0.00
R40,87.025,41.025,Top,0.00
D3,132.025,67.025,Top,0.00
R42,115.025,66.025,Top,0.00
D7,20.525,136.025,Top,0.00
U12,76.025,116.025,Top,0.00
C31,30.025,53.025,Top,0.00
J2,10.025,30.025,Top,270.00
F3,20.025,115.025,Top,0.00
D19,20.025,25.025,Top,0.00
D8,31.025,105.025,Top,0.00
H1,4.025,151.025,Top,0.00
R10,25.025,133.025,Top,90.00
J11,10.025,82.025,Top,270.00
R17,27.025,109.025,Top,90.00
J4,10.025,129.025,Top,270.00
R45,80.025,75.025,Top,0.00
J7,94.025,111.025,Top,0.00
R25,132.025,135.025,Top,0.00
R15,79.025,110.025,Top,0.00
R16,21.025,109.025,Top,0.00
R43,120.025,68.025,Top,0.00
U19,86.025,76.025,Top,0.00
R41,112.025,63.025,Top,0.00
C39,123.025,41.025,Top,0.00
C19,35.025,128.025,Top,0.00
R2,138.025,57.025,Top,0.00
R28,132.025,113.025,Top,0.00
U9,120.025,141.025,Top,0.00
C7,62.025,133.025,Top,0.00
U10,91.025,141.025,Top,0.00
C3,82.025,108.025,Top,0.00
R23,29.025,97.025,Top,90.00
C6,109.025,59.025,Top,0.00
R18,29.025,100.025,Top,0.00
R27,140.025,126.025,Top,0.00
U3,86.025,101.025,Top,0.00
C21,68.025,123.025,Top,0.00
U18,114.025,73.025,Top,0.00
R19,21.025,85.025,Top,0.00
TP1,35.025,24.025,Top,0.00
R20,27.025,85.025,Top,90.00
H2,146.025,151.025,Top,0.00
TP2,77.025,69.025,Top,0.00
C23,36.025,76.025,Top,90.00
C2,83.025,56.025,Top,0.00
C35,61.025,28.025,Top,90.00
R46,92.025,73.025,Top,0.00
R24,31.025,88.025,Top,0.00
D1,28.025,67.025,Top,0.00
F2,26.025,43.025,Top,180.00
R44,80.025,84.025,Top,0.00
C20,28.025,128.025,Top,0.00
D15,134.025,130.025,Top,0.00
R36,30.025,34.025,Top,0.00
J1,10.025,44.025,Top,270.00
U17,48.025,12.775,Top,180.00
C13,94.025,118.025,Top,0.00
J6,10.025,96.025,Top,270.00
C15,120.025,135.025,Top,0.00
F4,126.025,141.025,Top,0.00
C26,145.025,104.025,Top,90.00
R5,117.025,147.025,Top,0.00
U5,34.025,50.025,Top,0.00
R13,25.025,124.025,Top,0.00
C22,34.025,100.025,Top,90.00
D11,27.025,72.025,Top,0.00
J10,115.025,53.025,Top,0.00
R30,140.025,104.025,Top,0.00
C1,35.025,59.025,Top,180.00
J3,10.025,143.025,Top,270.00
Q1,30.025,122.025,Top,0.00
R12,19.025,125.025,Top,0.00
C30,22.025,54.025,Top,0.00
U20,115.025,41.025,Top,0.00
U8,105.025,130.025,Top,0.00
R38,79.025,44.025,Top,0.00
C11,76.025,125.025,Top,0.00
C10,71.025,130.025,Top,90.00
JP1,64.025,146.025,Top,0.00
C14,105.025,142.025,Top,270.00
J5,10.025,110.025,Top,270.00
J8,105.025,150.525,Top,0.00
R35,32.025,38.025,Top,0.00
BT1,97.025,31.025,Top,0.00
R31,69.025,101.025,Top,0.00
C18,27.025,147.025,Top,90.00
R9,35.025,137.025,Top,0.00
Q2,81.025,48.025,Top,0.00
R22,23.025,97.025,Top,0.00
C36,74.025,43.025,Top,0.00
U15,109.025,88.025,Top,0.00
U14,74.025,96.025,Top,0.00
U1,40.025,147.025,Top,0.00
D6,21.025,141.025,Top,0.00
D17,134.025,108.025,Top,0.00
U16,136.025,85.025,Top,0.00
