Ref,Val,Package,PosX,PosY,Rot,Side
"C1","100uF 50V","CP_Radial_D8.0mm_P3.50mm",55.000000,-116.000000,180.000000,top
"C2","470uF 10V","CP_Radial_D8.0mm_P3.50mm",98.000000,-112.000000,0.000000,top
"C3","100nF","C_0805_2012Metric_Pad1.18x1.45mm_HandSolder",97.000000,-69.000000,0.000000,top
"C4","100nF","C_0805_2012Metric_Pad1.18x1.45mm_HandSolder",108.000000,-81.000000,0.000000,top
"C5","100nF","C_0805_2012Metric_Pad1.18x1.45mm_HandSolder",72.000000,-33.000000,0.000000,top
"C6","100nF","C_0805_2012Metric_Pad1.18x1.45mm_HandSolder",126.000000,-87.000000,0.000000,top
"C7","100nF","C_0805_2012Metric_Pad1.18x1.45mm_HandSolder",133.000000,-87.000000,0.000000,top
"C8","100nF","C_0805_2012Metric_Pad1.18x1.45mm_HandSolder",138.000000,-87.000000,0.000000,top
"C9","100nF","C_0805_2012Metric_Pad1.18x1.45mm_HandSolder",145.000000,-87.000000,0.000000,top
"C10","100nF","C_0805_2012Metric_Pad1.18x1.45mm_HandSolder",44.000000,-63.000000,0.000000,top
"C11","1nF","C_0805_2012Metric_Pad1.18x1.45mm_HandSolder",35.000000,-66.000000,90.000000,top
"C12","100nF","C_0805_2012Metric_Pad1.18x1.45mm_HandSolder",115.000000,-25.000000,0.000000,top
"C13","100nF","C_0805_2012Metric_Pad1.18x1.45mm_HandSolder",141.000000,-28.000000,0.000000,top
"C14","100nF","C_0805_2012Metric_Pad1.18x1.45mm_HandSolder",114.000000,-48.000000,0.000000,top
"C15","100nF","C_0805_2012Metric_Pad1.18x1.45mm_HandSolder",137.000000,-47.000000,0.000000,top
"D1","SMBJ20CA INPUT TVS","D_SMB",53.000000,-100.000000,90.000000,top
"D2","SS14 USB backfeed barrier","D_SMA",91.000000,-35.000000,0.000000,top
"D3","PESD5V0S1BA","D_SOD-323",130.000000,-117.000000,90.000000,top
"D4","PESD5V0S1BA","D_SOD-323",140.000000,-117.000000,90.000000,top
"D5","PESD5V0S1BA","D_SOD-323",29.000000,-67.000000,90.000000,top
"D6","GREEN 5V","LED_0805_2012Metric",116.000000,-82.000000,0.000000,top
"F1","5A INPUT FUSE","Fuse_Littelfuse-NANO2-451_453",41.000000,-101.000000,0.000000,top
"F2","4A SCREEN FUSE","Fuse_Littelfuse-NANO2-451_453",108.000000,-98.000000,-90.000000,top
"J1","10-20V INPUT","TerminalBlock_Phoenix_MKDS-1,5-2-5.08_1x02_P5.08mm_Horizontal",30.000000,-111.000000,0.000000,top
"J2","CROWPANEL J10 ONLY","TerminalBlock_Phoenix_MKDS-1,5-4-5.08_1x04_P5.08mm_Horizontal",110.000000,-111.000000,0.000000,top
"J3","EXTERNAL OPTO OUTPUT","TerminalBlock_Phoenix_MKDS-1,5-2-5.08_1x02_P5.08mm_Horizontal",32.000000,-54.000000,-90.000000,top
"J4","GPS UART 3V3","JST_XH_B4B-XH-A_1x04_P2.50mm_Vertical",99.000000,-28.000000,0.000000,top
"J5","MPU6050 I2C 3V3","JST_XH_B4B-XH-A_1x04_P2.50mm_Vertical",123.000000,-28.000000,0.000000,top
"J6","CAN MODULE LOGIC","JST_XH_B4B-XH-A_1x04_P2.50mm_Vertical",99.000000,-47.000000,0.000000,top
"J7","W5500 BREAKOUT","PinHeader_2x04_P2.54mm_Vertical",125.000000,-47.000000,0.000000,top
"JP1","MCU POWER ENABLE","PinHeader_1x02_P2.54mm_Vertical",82.000000,-30.000000,0.000000,top
"R1","100","R_0805_2012Metric_Pad1.20x1.40mm_HandSolder",129.000000,-101.000000,90.000000,top
"R2","100","R_0805_2012Metric_Pad1.20x1.40mm_HandSolder",140.000000,-101.000000,90.000000,top
"R3","47k","R_0805_2012Metric_Pad1.20x1.40mm_HandSolder",126.000000,-81.000000,0.000000,top
"R4","47k","R_0805_2012Metric_Pad1.20x1.40mm_HandSolder",138.000000,-107.000000,0.000000,top
"R5","1k","R_0805_2012Metric_Pad1.20x1.40mm_HandSolder",40.000000,-59.000000,0.000000,top
"R6","4.7k","R_0805_2012Metric_Pad1.20x1.40mm_HandSolder",35.000000,-74.000000,90.000000,top
"R7","100","R_0805_2012Metric_Pad1.20x1.40mm_HandSolder",109.000000,-35.000000,0.000000,top
"R8","100","R_0805_2012Metric_Pad1.20x1.40mm_HandSolder",101.000000,-35.000000,0.000000,top
"R9","47k","R_0805_2012Metric_Pad1.20x1.40mm_HandSolder",110.000000,-42.000000,0.000000,top
"R10","10k","R_0805_2012Metric_Pad1.20x1.40mm_HandSolder",139.000000,-57.000000,0.000000,top
"R11","10k","R_0805_2012Metric_Pad1.20x1.40mm_HandSolder",138.000000,-64.000000,0.000000,top
"R12","4.7k","R_0805_2012Metric_Pad1.20x1.40mm_HandSolder",125.000000,-36.000000,0.000000,top
"R13","4.7k","R_0805_2012Metric_Pad1.20x1.40mm_HandSolder",135.000000,-36.000000,0.000000,top
"R14","4.7k","R_0805_2012Metric_Pad1.20x1.40mm_HandSolder",116.000000,-77.000000,90.000000,top
"U1","Teensy 4.1 (socketed)","Teensy41_Socket",50.000000,-28.000000,0.000000,top
"U2","D36V50F5 / 5V 5A budget","Pololu_D36V50F5",68.000000,-99.000000,0.000000,top
"U3","TSR 1-2433 / AUX 3V3","Converter_DCDC_TRACO_TSR-1_THT",100.000000,-76.000000,0.000000,top
"U4","SN74LVC1T45","SOT-23-6_Handsoldering",130.000000,-91.000000,0.000000,top
"U5","SN74LVC1T45","SOT-23-6_Handsoldering",141.000000,-91.000000,0.000000,top
"U6","SN74LVC2G17","SOT-23-6_Handsoldering",40.000000,-67.000000,0.000000,top
